output_text,input_text
cat,cats
dog,dogs
apple,apples
book,books
pen,pens
box,boxes
shoe,shoes
child,children
man,men
woman,women
city,cities
tomato,tomatoes
hero,heroes
potato,potatoes
leaf,leaves
baby,babies
berry,berries
knife,knives
loaf,loaves
mouse,mice
foot,feet
tooth,teeth
cactus,cacti
barracks,barracks
bus,buses
fish,fish
wolf,wolves
calf,calves
half,halves
person,people
child,children
ox,oxen
woman,women
man,men
church,churches
tax,taxes
box,boxes
fish,fish
deer,deer
octopus,octopuses
crisis,crises
analysis,analyses
thesis,theses
focus,foci
axis,axes
dog,dogs
child of Dave,children of Dave
book on the table,books on the table
box of cookies,boxes of cookies
cup of coffee,cups of coffee
person in the room,people in the room
cup of shiny gray water with green flakes,cups of shiny gray water with green flakes
child of Sarah and Tim,children of Sarah and Tim
city in the valley,cities in the valley
star in the sky,stars in the sky
half of the sandwich,halves of the sandwich
player with the ball,players with the ball
cookie with chocolate chips,cookies with chocolate chips
fly in the room,flies in the room
box of colorful pencils,boxes of colorful pencils
teacher in the classroom,teachers in the classroom
idea in his mind,ideas in his mind
child on the playground,children on the playground
bottle of green juice,bottles of green juice
pair of shoes,pairs of shoes
fish in the tank,fish in the tanks
sandwich with turkey,sandwiches with turkey
movie on the screen,movies on the screen
student in the class,students in the class
picture on the wall,pictures on the wall
cup of hot chocolate,cups of hot chocolate
leaf on the ground,leaves on the ground
bird in the tree,birds in the tree
car in the driveway,cars in the driveway
bottle of water,bottles of water
child of Mary,children of Mary
letter in the mailbox,letters in the mailbox
house on the street,houses on the street
pen on the desk,pens on the desk
shirt in the drawer,shirts in the drawer
flower in the vase,flowers in the vase
cake on the table,cakes on the table
pencil in the case,pencils in the case
dog on the bed,dogs on the bed
ball on the ground,balls on the ground
coin in the jar,coins in the jar
map on the wall,maps on the wall
glove in the drawer,gloves in the drawer
tree in the park,trees in the park
light in the room,lights in the room
notebook on the desk,notebooks on the desk
phone in the bag,phones in the bag
book in the shelf,books in the shelf
apple on the table,apples on the table
plate with food,plates with food
car in the parking lot,cars in the parking lot
button on the shirt,buttons on the shirt
flag on the pole,flags on the pole
toy on the shelf,toys on the shelf
mug on the counter,mugs on the counter
window in the house,windows in the house
phone on the counter,phones on the counter
bucket of water,buckets of water
key on the table,keys on the table
door in the hallway,doors in the hallway
shirt on the chair,shirts on the chair
lamp on the desk,lamps on the desk
candle on the table,candles on the table
piece of cake,pieces of cake
container of cookies,containers of cookies
piece of bread,pieces of bread
note in the pocket,notes in the pocket
leaf in the wind,leaves in the wind
glass of milk,glasses of milk
sandwich with cheese,sandwiches with cheese
ball in the basket,balls in the basket
cup of soup,cups of soup
painting on the wall,paintings on the wall
coin in the purse,coins in the purse
book with a cover,books with covers
shoe on the foot,shoes on the feet
shiny red apple,shiny red apples
giant purple balloon,giant purple balloons
small wooden box,small wooden boxes
beautiful blue bird,beautiful blue birds
spicy chicken wing,spicy chicken wings
colorful striped sweater,colorful striped sweaters
fluffy white cat,fluffy white cats
old rusty car,old rusty cars
smelly old shoe,smelly old shoes
heavy metal door,heavy metal doors
fast running dog,fast running dogs
green leafy plant,green leafy plants
blue plastic bottle,blue plastic bottles
round orange ball,round orange balls
warm cozy blanket,warm cozy blankets
small wooden chair,small wooden chairs
delicious chocolate cake,delicious chocolate cakes
cold snowy mountain,cold snowy mountains
bright yellow flower,bright yellow flowers
long fluffy tail,long fluffy tails
quick silver fish,quick silver fish
delicate white lace,delicate white laces
large wooden table,large wooden tables
yellow spotted giraffe,yellow spotted giraffes
bright shiny coin,bright shiny coins
fuzzy green moss,fuzzy green mosses
soft velvet pillow,soft velvet pillows
purple velvet curtain,purple velvet curtains
heavy brown box,heavy brown boxes
big green apple,big green apples
cold icy river,cold icy rivers
small orange pumpkin,small orange pumpkins
soft blue cloud,soft blue clouds
fast red car,fast red cars
dirty white shirt,dirty white shirts
high metal fence,high metal fences
tiny wooden stick,tiny wooden sticks
smelly old sock,smelly old socks
shiny silver spoon,shiny silver spoons
tiny golden key,tiny golden keys
warm woolen scarf,warm woolen scarves
big black dog,big black dogs
huge fluffy pillow,huge fluffy pillows
small wooden table,small wooden tables
bright red shirt,bright red shirts
heavy metal spoon,heavy metal spoons
soft blue sweater,soft blue sweaters
spicy green chili,spicy green chilies
tall wooden chair,tall wooden chairs
thin golden thread,thin golden threads
big pink cake,big pink cakes
sharp pointed pencil,sharp pointed pencils
small red flower,small red flowers
clean white towel,clean white towels
long wooden plank,long wooden planks
rich dark chocolate,rich dark chocolates
thick woolen scarf,thick woolen scarves
cute little puppy,cute little puppies
fresh green leaf,fresh green leaves
bright orange sunset,bright orange sunsets
old leather book,old leather books
small glass jar,small glass jars
sweet juicy orange,sweet juicy oranges
heavy brown bag,heavy brown bags
huge glass window,huge glass windows
large gold coin,large gold coins
fresh red berry,fresh red berries
small shiny rock,small shiny rocks
beautiful white butterfly,beautiful white butterflies
soft pink pillow,soft pink pillows
large fluffy cloud,large fluffy clouds
quiet wooden room,quiet wooden rooms
hot spicy curry,hot spicy curries
big fluffy cloud,big fluffy clouds
yellow striped shirt,yellow striped shirts
child's woolen glove,children's woolen gloves
oxen-drawn cart,oxen-drawn carts
knife-sharpened stick,knife-sharpened sticks
mouse-infested house,mice-infested houses
single leaf page,single leaves pages
small loaf of bread,small loaves of bread
tooth-marked pencil,teeth-marked pencils
friendly footstep,friendly footsteps
wise old man,wise old men
blue louse,blue lice
lone goose,lone geese
half-empty glass,half-empty glasses
strong calf muscle,strong calf muscles
ancient sheaf of papers,ancient sheaves of papers
tiny cacti garden,tiny cacti gardens
pot of gold at the end of the rainbow,pots of gold at the end of the rainbow
pair of dice,pairs of dice
fleet of aircraft,fleets of aircraft
collection of memorabilia,collections of memorabilia
lone hero,lone heroes
bright red tomato,bright red tomatoes
worn-out echo,worn-out echoes
beautiful serenade,beautiful serenades
ancient manuscript,ancient manuscripts
gray wolf pack,gray wolf packs
leafy green vegetable,leafy green vegetables
delicate piano note,delicate piano notes
strawberry thief,strawberry thieves
crackling fire log,crackling fire logs
wise old elf,wise old elves
crumbling fortress wall,crumbling fortress walls
shadowy alley cat,shadowy alley cats
magical fairy tale,magical fairy tales
frost-covered windowpane,frost-covered windowpanes
antique gold watch,antique gold watches
tiny speck of dust,tiny specks of dust
delicious sushi roll,delicious sushi rolls
flickering candle flame,flickering candle flames
slice of cherry pie,slices of cherry pie
pack of wild wolves,packs of wild wolves
glass of iced tea,glasses of iced tea
cup of hot cocoa,cups of hot cocoa
box of old letters,boxes of old letters
piece of antique furniture,pieces of antique furniture
roll of parchment paper,rolls of parchment paper
bowl of fresh fruit,bowls of fresh fruit
bottle of vintage wine,bottles of vintage wine
bundle of dried herbs,bundles of dried herbs
pair of wool socks,pairs of wool socks
tray of assorted pastries,trays of assorted pastries
spoonful of sugar,spoonfuls of sugar
crate of ripe mangoes,crates of ripe mangoes
pile of rusty tools,piles of rusty tools
stack of dusty books,stacks of dusty books
basket of laundry,baskets of laundry
string of holiday lights,strings of holiday lights
plate of spaghetti with meatballs,plates of spaghetti with meatballs
burger with cheese,burgers with cheese
tank top,tank tops
baker's dozen,bakers' dozens
raincoat,raincoats
toothbrush,toothbrushes
sunflower,sunflowers
bookcase,bookcases
notebook,notebooks
cupcake,cupcakes
football game,football games
backpack,backpacks
firefighter,firefighters
birthday card,birthday cards
police officer,police officers
handshake,handshakes
laptop,laptops
waterfall,waterfalls
basketball court,basketball courts
flashlight,flashlights
ice cream cone,ice cream cones
mountaintop,mountaintops
paperclip,paperclips
masterpiece,masterpieces
rainbow,rainbows
walking stick,walking sticks
homework assignment,homework assignments
teardrop,teardrops
doorknob,doorknobs
sunbeam,sunbeams
playground,playgrounds
nightstand,nightstands
earring,earrings
passport,passports
newspaper article,newspaper articles
workbench,workbenches
car door,car doors
mailbox,mailboxes
shoelace,shoelaces
lightbulb,lightbulbs
flowerpot,flowerpots
friendship bracelet,friendship bracelets
snowflake,snowflakes
firewood log,firewood logs
beehive,beehives
cherry blossom,cherry blossoms
silk scarf,silk scarves
castle tower,castle towers
glacier,glaciers
mountain range,mountain ranges
pebble beach,pebble beaches
volcano,volcanoes
fruit salad,fruit salads
butterfly wing,butterfly wings
raindrop,raindrops
skateboard ramp,skateboard ramps
treetop,treetops
shoebox,shoeboxes
watchtower,watchtowers
waterfall mist,waterfall mists
ladder rung,ladder rungs
traffic cone,traffic cones
flower bouquet,flower bouquets
cobblestone path,cobblestone paths
hedge maze,hedge mazes
sunset glow,sunset glows
moonbeam,moonbeams
ocean wave,ocean waves
beach umbrella,beach umbrellas
campfire story,campfire stories
feather quill,feather quills
forest trail,forest trails
windowpane,windowpanes
jigsaw puzzle,jigsaw puzzles
vintage postcard,vintage postcards
harbor dock,harbor docks
stone archway,stone archways
candle holder,candle holders
riverbank,riverbanks
sunflower seed,sunflower seeds
windmill blade,windmill blades
piano key,piano keys
photo album,photo albums
art gallery,art galleries
streetlight,streetlights
mountain peak,mountain peaks
iceberg,icebergs
desert cactus,desert cacti
storm cloud,storm clouds
midnight snack,midnight snacks
forest clearing,forest clearings
pinecone,pinecones
treasure chest,treasure chests
stone gargoyle,stone gargoyles
oak tree,oak trees
autumn leaf,autumn leaves
brick wall,brick walls
rope bridge,rope bridges
golden crown,golden crowns
silk ribbon,silk ribbons
frozen pond,frozen ponds
scenic overlook,scenic overlooks
wooden fence,wooden fences
garden hose,garden hoses
jellybean jar,jellybean jars
toy soldier,toy soldiers
library book,library books
vintage clock,vintage clocks
coffee mug,coffee mugs
porcelain doll,porcelain dolls
rollercoaster ride,rollercoaster rides
paper lantern,paper lanterns
city skyline,city skylines
crystal chandelier,crystal chandeliers
seashell,seashells
candle flame,candle flames
forest canopy,forest canopies
stone pathway,stone pathways
bird's nest,bird's nests
mountain cabin,mountain cabins
leafy vine,leafy vines
cloud formation,cloud formations
desert dune,desert dunes
flower petal,flower petals
street musician,street musicians
rainforest,rainforests
lakefront,lakefronts
crystal clear lake,crystal clear lakes
sandcastle,sandcastles
twinkling star,twinkling stars
ancient ruin,ancient ruins
garden gnome,garden gnomes
stormy sea,stormy seas
cave entrance,cave entrances
chocolate bar,chocolate bars
fishing boat,fishing boats
picnic basket,picnic baskets
wildflower meadow,wildflower meadows
eagle's nest,eagle's nests
mountain stream,mountain streams
sunflower field,sunflower fields
hot air balloon,hot air balloons
rocking chair,rocking chairs
apple orchard,apple orchards
lighthouse beacon,lighthouse beacons
harbor sailboat,harbor sailboats
vintage bicycle,vintage bicycles
rusty anchor,rusty anchors
forest waterfall,forest waterfalls
city plaza,city plazas
wooden rocking horse,wooden rocking horses
parrot's feather,parrot's feathers
beachcomber,beachcombers
sunset silhouette,sunset silhouettes
wind chime,wind chimes
garden bench,garden benches
harvest moon,harvest moons
stone fireplace,stone fireplaces
fisherman's net,fishermen's nets
harbor lighthouse,harbor lighthouses
cobblestone street,cobblestone streets
seagull's cry,seagulls' cries
forest path,forest paths
rustic cabin,rustic cabins
vineyard grape,vineyard grapes
misty valley,misty valleys
stone pillar,stone pillars
lantern light,lantern lights
cozy fireplace,cozy fireplaces
mountain ridge,mountain ridges
garden path,garden paths
driftwood,driftwood
sea breeze,sea breezes
orchard tree,orchard trees
wildflower bloom,wildflower blooms
butterfly garden,butterfly gardens
stormy sky,stormy skies
vintage record player,vintage record players
forest glade,forest glades
stone castle,stone castles
antique vase,antique vases
treehouse,treehouses
hidden treasure,hidden treasures
cottage window,cottage windows
seaside cottage,seaside cottages
rusty gate,rusty gates
lone wolf,lone wolves
crystal cave,crystal caves
garden pond,garden ponds
mountain trail,mountain trails
storm shelter,storm shelters
cherry tree,cherry trees
desert oasis,desert oases
village market,village markets
cobblestone bridge,cobblestone bridges
vine-covered wall,vine-covered walls
harbor view,harbor views
forest cabin,forest cabins
flower garden,flower gardens
wooden door,wooden doors
sunrise glow,sunrise glows
moss-covered stone,moss-covered stones
water fountain,water fountains
beach hut,beach huts
stone bench,stone benches
lake view,lake views
birdsong,birdsongs
forest stream,forest streams
mountain lake,mountain lakes
desert wind,desert winds
harbor crane,harbor cranes
fishing pier,fishing piers
sunrise view,sunrise views
garden statue,garden statues
riverbend,riverbends
mountain lodge,mountain lodges
crystal ball,crystal balls
storm cloud,storm clouds
beach wave,beach waves
forest grove,forest groves
mountain pass,mountain passes
vine-covered trellis,vine-covered trellises
pebble,pebbles
clay pot,clay pots
glass marble,glass marbles
steel wrench,steel wrenches
ceramic mug,ceramic mugs
wooden spoon,wooden spoons
plastic bottle,plastic bottles
iron nail,iron nails
golden ring,golden rings
paperclip,paperclips
silver coin,silver coins
brass key,brass keys
rubber band,rubber bands
stone arrowhead,stone arrowheads
leather wallet,leather wallets
metal bolt,metal bolts
cotton handkerchief,cotton handkerchiefs
bronze statue,bronze statues
linen napkin,linen napkins
steel hammer,steel hammers
porcelain plate,porcelain plates
copper wire,copper wires
wool scarf,wool scarves
bamboo chopstick,bamboo chopsticks
crystal vase,crystal vases
ceramic tile,ceramic tiles
aluminum can,aluminum cans
plastic straw,plastic straws
wooden box,wooden boxes
glass bottle,glass bottles
steel chain,steel chains
stone brick,stone bricks
iron hook,iron hooks
cork coaster,cork coasters
clay figurine,clay figurines
copper kettle,copper kettles
linen sheet,linen sheets
bronze medal,bronze medals
rubber glove,rubber gloves
ceramic bowl,ceramic bowls
metallic pin,metallic pins
wooden crate,wooden crates
glass jar,glass jars
stone slab,stone slabs
iron rod,iron rods
cotton towel,cotton towels
plastic lid,plastic lids
steel blade,steel blades
brass knob,brass knobs
porcelain cup,porcelain cups
leather strap,leather straps
bronze coin,bronze coins
ceramic jug,ceramic jugs
wool blanket,wool blankets
bamboo basket,bamboo baskets
crystal ornament,crystal ornaments
aluminum foil,aluminum foils
plastic container,plastic containers
stone statue,stone statues
iron gate,iron gates
wooden plank,wooden planks
glass shard,glass shards
cork stopper,cork stoppers
clay bowl,clay bowls
linen curtain,linen curtains
rubber hose,rubber hoses
steel screw,steel screws
bronze trophy,bronze trophies
porcelain figurine,porcelain figurines
metal latch,metal latches
wooden bench,wooden benches
plastic bucket,plastic buckets
stone mortar,stone mortars
iron skillet,iron skillets
ceramic pitcher,ceramic pitchers
glass tile,glass tiles
woolen hat,woolen hats
leather belt,leather belts
copper pot,copper pots
bamboo mat,bamboo mats
linen pillowcase,linen pillowcases
crystal goblet,crystal goblets
steel rod,steel rods
rubber tire,rubber tires
bronze bell,bronze bells
ceramic vase,ceramic vases
plastic tray,plastic trays
wooden ladder,wooden ladders
iron chain,iron chains
stone pendant,stone pendants
glass lens,glass lenses
cork board,cork boards
metallic ring,metallic rings
porcelain sink,porcelain sinks
leather glove,leather gloves
woolen sock,woolen socks
bamboo flute,bamboo flutes
copper pipe,copper pipes
linen tablecloth,linen tablecloths
bronze shield,bronze shields
ceramic tile,ceramic tiles
rubber duck,rubber ducks
wooden toy,wooden toys
glass bead,glass beads
steel spring,steel springs
stone axe,stone axes
iron anvil,iron anvils
plastic comb,plastic combs
cork bottle,cork bottles
clay vase,clay vases
porcelain lamp,porcelain lamps
leather journal,leather journals
bronze helmet,bronze helmets
crystal necklace,crystal necklaces
aluminum sheet,aluminum sheets
bamboo fence,bamboo fences
woolen sweater,woolen sweaters
copper bowl,copper bowls
linen scarf,linen scarves
ceramic mug,ceramic mugs
piece of eight,pieces of eight
handful of sand,handfuls of sand
grain of rice,grains of rice
loaf of bread,loaves of bread
deck of cards,decks of cards
drop of water,drops of water
slice of pie,slices of pie
pair of scissors,pairs of scissors
spoonful of sugar,spoonfuls of sugar
flock of sheep,flocks of sheep
school of fish,schools of fish
herd of cattle,herds of cattle
pack of wolves,packs of wolves
bundle of sticks,bundles of sticks
set of keys,sets of keys
cup of tea,cups of tea
piece of cake,pieces of cake
slice of life,slices of life
bunch of grapes,bunches of grapes
pair of gloves,pairs of gloves
head of lettuce,heads of lettuce
pint of milk,pints of milk
bar of soap,bars of soap
drop of blood,drops of blood
batch of cookies,batches of cookies
stack of papers,stacks of papers
pile of leaves,piles of leaves
string of pearls,strings of pearls
jar of honey,jars of honey
piece of string,pieces of string
quart of oil,quarts of oil
tube of toothpaste,tubes of toothpaste
slice of cheese,slices of cheese
bag of flour,bags of flour
dozen eggs,dozens of eggs
pair of shoes,pairs of shoes
bottle of wine,bottles of wine
drop of ink,drops of ink
handful of coins,handfuls of coins
bunch of flowers,bunches of flowers
gallon of water,gallons of water
carton of eggs,cartons of eggs
box of chocolates,boxes of chocolates
bundle of joy,bundles of joy
roll of tape,rolls of tape
pinch of salt,pinches of salt
slice of ham,slices of ham
cup of coffee,cups of coffee
sheet of paper,sheets of paper
blade of grass,blades of grass
block of ice,blocks of ice
piece of advice,pieces of advice
round of applause,rounds of applause
pearl of wisdom,pearls of wisdom
crumb of bread,crumbs of bread
chunk of wood,chunks of wood
patch of grass,patches of grass
flicker of light,flickers of light
ray of sunshine,rays of sunshine
whiff of smoke,whiffs of smoke
drop of dew,drops of dew
dash of pepper,dashes of pepper
slice of toast,slices of toast
pack of cards,packs of cards
bundle of nerves,bundles of nerves
pinch of herbs,pinches of herbs
piece of fabric,pieces of fabric
spoonful of soup,spoonfuls of soup
drop of rain,drops of rain
bag of chips,bags of chips
string of lights,strings of lights
bar of chocolate,bars of chocolate
roll of film,rolls of film
handful of feathers,handfuls of feathers
batch of muffins,batches of muffins
slice of lemon,slices of lemon
cup of soup,cups of soup
dozen roses,dozens of roses
bunch of bananas,bunches of bananas
stack of books,stacks of books
quart of milk,quarts of milk
pair of pants,pairs of pants
piece of luggage,pieces of luggage
bar of gold,bars of gold
pint of beer,pints of beer
bottle of water,bottles of water
roll of fabric,rolls of fabric
dash of vanilla,dashes of vanilla
blade of a knife,blades of a knife
pile of stones,piles of stones
string of beads,strings of beads
batch of doughnuts,batches of doughnuts
block of cheese,blocks of cheese
slice of turkey,slices of turkey
jar of jam,jars of jam
piece of news,pieces of news
stack of firewood,stacks of firewood
bunch of keys,bunches of keys
handful of nuts,handfuls of nuts
gallon of paint,gallons of paint
carton of milk,cartons of milk
box of crayons,boxes of crayons
pair of earrings,pairs of earrings
bag of rice,bags of rice
loaf of meat,loaves of meat
piece of furniture,pieces of furniture
slice of cucumber,slices of cucumber
bar of iron,bars of iron
bottle of soda,bottles of soda
pint of ice cream,pints of ice cream
dozen donuts,dozens of donuts
string of sausages,strings of sausages
cup of yogurt,cups of yogurt
sheet of glass,sheets of glass
ray of hope,rays of hope
block of flats,blocks of flats
handful of grapes,handfuls of grapes
stack of pancakes,stacks of pancakes
bunch of cherries,bunches of cherries
piece of art,pieces of art
slice of meat,slices of meat
roll of paper towels,rolls of paper towels
batch of brownies,batches of brownies
slice of pepperoni,slices of pepperoni
box of tissues,boxes of tissues
jar of pickles,jars of pickles
carton of juice,cartons of juice
string of pearls,strings of pearls
bar of soap,bars of soap
dozen cupcakes,dozens of cupcakes
piece of glass,pieces of glass
handful of screws,handfuls of screws
stack of chairs,stacks of chairs
cup of sugar,cups of sugar
block of marble,blocks of marble
piece of clay,pieces of clay
roll of toilet paper,rolls of toilet paper
slice of apple,slices of apple
bottle of vinegar,bottles of vinegar
batch of cupcakes,batches of cupcakes
bundle of wheat,bundles of wheat
pair of glasses,pairs of glasses
spoonful of honey,spoonfuls of honey
handful of pencils,handfuls of pencils
cup of flour,cups of flour
bar of silver,bars of silver
piece of driftwood,pieces of driftwood
bottle of perfume,bottles of perfume
roll of parchment,rolls of parchment
block of wood,blocks of wood
string of ribbons,strings of ribbons
bundle of letters,bundles of letters
slice of pizza,slices of pizza
box of matches,boxes of matches
jar of olives,jars of olives
carton of cream,cartons of cream
bar of chocolate,bars of chocolate
piece of metal,pieces of metal
roll of carpet,rolls of carpet
stack of plates,stacks of plates
handful of seeds,handfuls of seeds
cup of rice,cups of rice
sheet of steel,sheets of steel
loaf of sugar,loaves of sugar
block of granite,blocks of granite
batch of biscuits,batches of biscuits
bundle of rope,bundles of rope
string of lights,strings of lights
spoonful of milk,spoonfuls of milk
pile of coins,piles of coins
bottle of beer,bottles of beer
jar of spices,jars of spices
carton of eggs,cartons of eggs
slice of butter,slices of butter
piece of fabric,pieces of fabric
roll of wallpaper,rolls of wallpaper
box of cereal,boxes of cereal
bundle of twigs,bundles of twigs
batch of pancakes,batches of pancakes
slice of ham,slices of ham
handful of marbles,handfuls of marbles
stack of boxes,stacks of boxes
bar of steel,bars of steel
block of ice,blocks of ice
piece of parchment,pieces of parchment
roll of gauze,rolls of gauze
slice of bacon,slices of bacon
bottle of lotion,bottles of lotion
heap of mismatched socks,heaps of mismatched socks
cluster of runaway balloons,clusters of runaway balloons
platoon of rubber ducks,platoons of rubber ducks
fleet of paper boats,fleets of paper boats
tangle of spaghetti noodles,tangles of spaghetti noodles
parade of garden gnomes,parades of garden gnomes
troop of juggling squirrels,troops of juggling squirrels
pile of tangled shoelaces,piles of tangled shoelaces
basket of unpaired mittens,baskets of unpaired mittens
swarm of bubble wrap,swarms of bubble wrap
mountain of unread emails,mountains of unread emails
tower of pizza boxes,towers of pizza boxes
gaggle of rubber chickens,gaggles of rubber chickens
array of novelty hats,arrays of novelty hats
bundle of tangled earphones,bundles of tangled earphones
army of toy soldiers,armies of toy soldiers
collection of expired coupons,collections of expired coupons
shoal of bathtub toys,shoals of bathtub toys
quiver of mismatched arrows,quivers of mismatched arrows
pyramid of marshmallow peeps,pyramids of marshmallow peeps
stack of inflatable flamingos,stacks of inflatable flamingos
bucket of rainbow sprinkles,buckets of rainbow sprinkles
herd of plastic dinosaurs,herds of plastic dinosaurs
batch of overly complex board games,batches of overly complex board games
cloud of soap bubbles,clouds of soap bubbles
deck of blank playing cards,decks of blank playing cards
crate of rubber bands,crates of rubber bands
cluster of forgotten umbrellas,clusters of forgotten umbrellas
batch of burnt toast,batches of burnt toast
flood of novelty postcards,floods of novelty postcards
heap of deflated beach balls,heaps of deflated beach balls
brace of kazoo players,braces of kazoo players
parade of sock puppets,parades of sock puppets
stash of glittery stickers,stashes of glittery stickers
bin of rubber stamps,bins of rubber stamps
set of mismatched buttons,sets of mismatched buttons
assemblage of wind-up toys,assemblages of wind-up toys
stack of novelty coasters,stacks of novelty coasters
gaggle of finger puppets,gaggles of finger puppets
bag of marbles with missing colors,bags of marbles with missing colors
string of solar-powered fairy lights,strings of solar-powered fairy lights
pile of mismatched puzzle pieces,piles of mismatched puzzle pieces
box of broken crayons,boxes of broken crayons
platoon of plastic flamingos,platoons of plastic flamingos
batch of misshapen cookies,batches of misshapen cookies
bunch of artificial flowers,bunches of artificial flowers
collection of miniature spoons,collections of miniature spoons
troop of dancing hamsters,troops of dancing hamsters
crate of oversized sunglasses,crates of oversized sunglasses
wave of inflatable pool toys,waves of inflatable pool toys
stack of comic books with missing pages,stacks of comic books with missing pages
bundle of tangled Christmas lights,bundles of tangled Christmas lights
shoal of plastic fish,shoals of plastic fish
line of mismatched sock pairs,lines of mismatched sock pairs
batch of broken clocks,batches of broken clocks
flood of novelty keychains,floods of novelty keychains
heap of crumpled gift wrap,heaps of crumpled gift wrap
pile of empty coffee cups,piles of empty coffee cups
bucket of glow sticks,buckets of glow sticks
troop of wind-up penguins,troops of wind-up penguins
platoon of foam fingers,platoons of foam fingers
tower of precariously stacked pancakes,towers of precariously stacked pancakes
basket of mismatched playing cards,baskets of mismatched playing cards
herd of plush unicorns,herds of plush unicorns
array of novelty alarm clocks,arrays of novelty alarm clocks
stack of unread comic books,stacks of unread comic books
collection of inflatable animals,collections of inflatable animals
batch of unsorted LEGO bricks,batches of unsorted LEGO bricks
quiver of bent straws,quivers of bent straws
bundle of novelty socks,bundles of novelty socks
troop of clockwork robots,troops of clockwork robots
platoon of squeaky shoes,platoons of squeaky shoes
wave of feather boas,waves of feather boas
crate of ceramic frogs,crates of ceramic frogs
parade of mechanical birds,parades of mechanical birds
tooth in the glass,teeth in the glass
mouse under the couch,mice under the couch
goose by the pond,geese by the pond
leaf on the maple tree,leaves on the maple tree
medium-sized foot in the sand,medium-sized feet in the sand
criterion for success,criteria for success
analysis of the data,analyses of the data
thesis about ancient Rome,theses about ancient Rome
cactus in the desert sun,cacti in the desert sun
phenomenon in the night sky,phenomena in the night sky
chief of the ancient tribe,chiefs of the ancient tribe
wolf in the snowy forest,wolves in the snowy forest
attorney at the prestigious firm,attorneys at the prestigious firm
ox pulling the heavy cart,oxen pulling the heavy cart
echo in the deep cave,echoes in the deep cave
index of prohibited books,indices of prohibited books
salmon swimming upstream,salmon swimming upstream
deer in the misty meadow,deer in the misty meadow
criterion for excellence in teaching,criteria for excellence in teaching
wife of the distinguished professor,wives of the distinguished professor
man-child at the playground,man-children at the playground
mother-in-law from Seattle,mothers-in-law from Seattle
species of rare butterfly,species of rare butterfly
octopus in the coral reef,octopi in the coral reef
millennium of human history,millennia of human history
passerby on the busy street,passersby on the busy street
aircraft in the clear blue sky,aircraft in the clear blue sky
grown-up child of divorce,grown-up children of divorce
memorandum from the board,memoranda from the board
oasis in the vast desert,oases in the vast desert
alumnus of Harvard,alumni of Harvard
stimulus for economic growth,stimuli for economic growth
die on the gaming table,dice on the gaming table
axis of rotation,axes of rotation
fungus in the damp soil,fungi in the damp soil
bacterium under the microscope,bacteria under the microscope
vertebra in the spine,vertebrae in the spine
court-martial in session,courts-martial in session
passer-by on Main Street,passers-by on Main Street
brother-in-law from Michigan,brothers-in-law from Michigan
attorney general of the state,attorneys general of the state
runner-up in the contest,runners-up in the contest
basis for the argument,bases for the argument
crisis in the Middle East,crises in the Middle East
hypothesis of quantum mechanics,hypotheses of quantum mechanics
stratum of ancient civilization,strata of ancient civilization
memorandum from the CEO,memoranda from the CEO
commander in chief of the army,commanders in chief of the army
foot-pound of energy,foot-pounds of energy
woman doctor at the clinic,women doctors at the clinic
child prodigy at the piano,children prodigies at the piano
louse on the specimen,lice on the specimen
dormouse in the hedge,dormice in the hedge
snowman in the yard,snowmen in the yard
policeman on duty,policemen on duty
nucleus of the atom,nuclei of the atom
radius of the circle,radii of the circle
calf in the meadow,calves in the meadow
knife on the table,knives on the table
thief in the night,thieves in the night
shelf in the bookcase,shelves in the bookcase
brass doorknob on the cabinet,brass doorknobs on the cabinet
half-empty glass of milk,half-empty glasses of milk
wooden box beneath the stairs,wooden boxes beneath the stairs
silver knife with pearl handle,silver knives with pearl handles
dusty shelf in the attic,dusty shelves in the attic
copper penny from 1982,copper pennies from 1982
leaf from the oak tree,leaves from the oak tree
mouse trap behind the refrigerator,mouse traps behind the refrigerator
ivory chess piece on the board,ivory chess pieces on the board
loaf of sourdough bread,loaves of sourdough bread
scarlet berry on the bush,scarlet berries on the bush
chinese food container,chinese food containers
handmade scarf with gold thread,handmade scarves with gold thread
wolf cub in the den,wolf cubs in the den
porcelain dish with blue trim,porcelain dishes with blue trim
mouse pad with wrist support,mouse pads with wrist support
goose egg in the nest,goose eggs in the nest
antique watch with leather band,antique watches with leather bands
rusty nail in the floorboard,rusty nails in the floorboards
brass hoof on the rocking horse,brass hooves on the rocking horse
tooth in the jewelry box,teeth in the jewelry box
silk handkerchief with lace edge,silk handkerchiefs with lace edges
leather-bound book on history,leather-bound books on history
cast-iron pot on the stove,cast-iron pots on the stove
half-burned candle on the shelf,half-burned candles on the shelf
wooden foot of the bed,wooden feet of the bed
glass eye of the porcelain doll,glass eyes of the porcelain doll
ruby ring in the velvet box,ruby rings in the velvet boxes
ceramic mug with broken handle,ceramic mugs with broken handles
brass thimble in the sewing kit,brass thimbles in the sewing kits
voodoo doll with missing pin,voodoo dolls with missing pins
octopus-shaped stress toy,octopus-shaped stress toys
half-melted crayon in the sun,half-melted crayons in the sun
crumpled receipt from Mars,crumpled receipts from Mars
origami wolf with gold trim,origami wolves with gold trim
thimble full of glitter,thimbles full of glitter
pickled toe in the jar,pickled toes in the jars
plastic tooth with candy inside,plastic teeth with candy inside
crystal ball filled with smoke,crystal balls filled with smoke
haunted locket with scratch marks,haunted lockets with scratch marks
petrified mouse in amber,petrified mice in amber
glass eye from the pirate,glass eyes from the pirate
shrunken head on a keychain,shrunken heads on keychains
fairy wing in resin,fairy wings in resin
cursed penny from 1923,cursed pennies from 1923
rubber foot with six toes,rubber feet with six toes
mummified hamster in wrapping,mummified hamsters in wrapping
bronze tooth from the dragon,bronze teeth from the dragon
snow globe with black snow,snow globes with black snow
bottled butterfly with ruby wings,bottled butterflies with ruby wings
zombie finger in formaldehyde,zombie fingers in formaldehyde
enchanted leaf made of copper,enchanted leaves made of copper
chocolate brain with caramel,chocolate brains with caramel
fossilized egg of mystery,fossilized eggs of mystery
porcelain hand holding dice,porcelain hands holding dice
scorpion in lime jello,scorpions in lime jello
knife made of frozen blood,knives made of frozen blood
tiny man in the bottle,tiny men in the bottles
clockwork mouse with ruby eyes,clockwork mice with ruby eyes
witch's tooth in a locket,witches' teeth in lockets
ruby eye from the gargoyle,ruby eyes from the gargoyle
silver tooth from the vampire,silver teeth from the vampire
cursed feather from the phoenix,cursed feathers from the phoenix
brass button from the sailor,brass buttons from the sailor
pickled brain from the zombie,pickled brains from the zombie
golden scale from the dragon,golden scales from the dragon
crystal tear from the mermaid,crystal tears from the mermaid
poisoned berry from the bush,poisoned berries from the bush
mechanical cog from the robot,mechanical cogs from the robot
dried flower from the witch,dried flowers from the witch
glowing marble from the wizard,glowing marbles from the wizard
magic bean from the giant,magic beans from the giant
frozen finger from the snowman,frozen fingers from the snowman
porcelain shard from the doll,porcelain shards from the doll
ancient coin from the chest,ancient coins from the chest
bloody fang from the werewolf,bloody fangs from the werewolf
paper crane from the origami master,paper cranes from the origami master
clockwork beetle from the watchmaker,clockwork beetles from the watchmaker
chocolate rose from the baker,chocolate roses from the baker
painted shell from the hermit,painted shells from the hermit
crystal bone from the skeleton,crystal bones from the skeleton
silk ribbon from the dancer,silk ribbons from the dancer
wax seal from the letter,wax seals from the letter
brass key from the locksmith,brass keys from the locksmith
glass heart from the puppet,glass hearts from the puppet
rust-covered knife from the chef,rust-covered knives from the chef
half-melted crystal from the meteor,half-melted crystals from the meteor
blood-stained tooth from the beast,blood-stained teeth from the beast
neon-painted skull from the collector,neon-painted skulls from the collector
diamond-studded eye from the idol,diamond-studded eyes from the idol
moss-covered key from the chest,moss-covered keys from the chest
acid-etched coin from the wreck,acid-etched coins from the wreck
frost-bitten finger from the explorer,frost-bitten fingers from the explorer
honey-preserved butterfly in amber,honey-preserved butterflies in amber
chrome-plated tooth from the robot,chrome-plated teeth from the robot
ink-stained page from the grimoire,ink-stained pages from the grimoire
web-covered doll in the attic,web-covered dolls in the attic
salt-encrusted compass from the sea,salt-encrusted compasses from the sea
radiation-scorched badge from the lab,radiation-scorched badges from the lab
mold-spotted berry from the vine,mold-spotted berries from the vine
ash-dusted mask from the tomb,ash-dusted masks from the tomb
silver-tipped arrow from the hunter,silver-tipped arrows from the hunter
oil-slicked feather from the phoenix,oil-slicked feathers from the phoenix
poison-dipped needle from the spinner,poison-dipped needles from the spinner
storm-charged crystal from the peak,storm-charged crystals from the peak
dust-covered brain in the jar,dust-covered brains in the jar
acid-warped penny from the sewer,acid-warped pennies from the sewer
sun-bleached bone from the desert,sun-bleached bones from the desert
curse-marked ring from the priest,curse-marked rings from the priest
rust-frozen gear from the machine,rust-frozen gears from the machine
charred doll beneath the floorboards,charred dolls beneath the floorboards
brass key wrapped in silk,brass keys wrapped in silk
severed hand still wearing its ring,severed hands still wearing their rings
crystal eye that glows at midnight,crystal eyes that glow at midnight
poisoned apple floating in brine,poisoned apples floating in brine
broken tooth wrapped in gold wire,broken teeth wrapped in gold wire
frozen rose dripping with mercury,frozen roses dripping with mercury
porcelain finger pointed at the moon,porcelain fingers pointed at the moon
glass butterfly trapped in ice,glass butterflies trapped in ice
rusted coin sealed with wax,rusted coins sealed with wax
mechanical spider wrapped in velvet,mechanical spiders wrapped in velvet
wooden doll with missing eye,wooden dolls with missing eyes
silver key melted by acid,silver keys melted by acid
shrunken head wearing a crown,shrunken heads wearing crowns
clockwork heart bound in copper,clockwork hearts bound in copper
mummified rat dressed in silk,mummified rats dressed in silk
jade scarab covered in hieroglyphs,jade scarabs covered in hieroglyphs
crystal skull filled with smoke,crystal skulls filled with smoke
brass beetle dipped in poison,brass beetles dipped in poison
paper crane soaked in blood,paper cranes soaked in blood
frozen tear carved from sapphire,frozen tears carved from sapphire
ceramic hand holding a flame,ceramic hands holding flames
stone egg wrapped in chains,stone eggs wrapped in chains
golden tooth marked with symbols,golden teeth marked with symbols
glass heart full of ashes,glass hearts full of ashes
bottled eye swimming in honey,bottled eyes swimming in honey
obsidian knife etched with runes,obsidian knives etched with runes
copper bird filled with sand,copper birds filled with sand
jeweled beetle wrapped in thread,jeweled beetles wrapped in thread
glass hand clenched in fury,glass hands clenched in fury
ivory comb stained with blood,ivory combs stained with blood
steel rose dusted with rust,steel roses dusted with rust
ceramic crow painted with gold,ceramic crows painted with gold
frozen tear caught in amber,frozen tears caught in amber
twisted key bound in leather,twisted keys bound in leather
silver tooth streaming with light,silver teeth streaming with light
crystal dove drowned in oil,crystal doves drowned in oil
brass spider weaving silver,brass spiders weaving silver
wooden eye leaking mercury,wooden eyes leaking mercury
stone heart wrapped in vines,stone hearts wrapped in vines
paper doll soaked in tears,paper dolls soaked in tears
iron feather dipped in glass,iron feathers dipped in glass
porcelain moth dusted with ash,porcelain moths dusted with ash
golden snail trailing slime,golden snails trailing slime
tin soldier melted by time,tin soldiers melted by time
jade leaf carved with faces,jade leaves carved with faces
bronze tear frozen in time,bronze tears frozen in time
glass scorpion filled with mist,glass scorpions filled with mist
crystal tooth bound in wire,crystal teeth bound in wire
copper skull leaking dreams,copper skulls leaking dreams
painted bone dripping with dew,painted bones dripping with dew
mercury bead trapped in quartz,mercury beads trapped in quartz
cursed ring bound in thorns,cursed rings bound in thorns
glass wasp filled with storm,glass wasps filled with storm
porcelain finger pointing north,porcelain fingers pointing north
rusted bell full of teeth,rusted bells full of teeth
jade owl sealed with lead,jade owls sealed with lead
brass eye leaking starlight,brass eyes leaking starlight
frozen moth caught in crystal,frozen moths caught in crystal
silver thorn piercing velvet,silver thorns piercing velvet
ceramic heart pumping sand,ceramic hearts pumping sand
stone doll carved with sigils,stone dolls carved with sigils
iron tear stained with gold,iron tears stained with gold
crystal rope braided with hair,crystal ropes braided with hair
wooden key wrapped in silk,wooden keys wrapped in silk
copper rose bleeding rust,copper roses bleeding rust
obsidian bird filled with smoke,obsidian birds filled with smoke
tin butterfly sealed in ice,tin butterflies sealed in ice
bronze feather burning cold,bronze feathers burning cold
pearl eye rolling in moss,pearl eyes rolling in moss
glass hand grasping shadows,glass hands grasping shadows
steel leaf cutting light,steel leaves cutting light
mercury skull dripping silver,mercury skulls dripping silver
ivory snake coiled in glass,ivory snakes coiled in glass
ceramic star falling dark,ceramic stars falling dark
golden web catching dreams,golden webs catching dreams
diamond tooth cracked with frost,diamond teeth cracked with frost
pewter ghost trapped in amber,pewter ghosts trapped in amber
brass needle threading void,brass needles threading void
silver egg warming night,silver eggs warming night
ruby claw scratching time,ruby claws scratching time
iron mask leaking wishes,iron masks leaking wishes
crystal book burning blue,crystal books burning blue
emerald fish swimming air,emerald fish swimming air
bronze shell echoing void,bronze shells echoing void
marble hand holding fog,marble hands holding fog
opal eye reflecting doom,opal eyes reflecting doom
steel heart ticking rust,steel hearts ticking rust
granite wing carved with dreams,granite wings carved with dreams
copper chain binding smoke,copper chains binding smoke
obsidian door leading nowhere,obsidian doors leading nowhere
jade key unlocking shadow,jade keys unlocking shadow
silver bell tolling silence,silver bells tolling silence
crystal dice rolling fate,crystal dice rolling fate
brass compass pointing void,brass compasses pointing void
iron crown bleeding rust,iron crowns bleeding rust
glass sword cutting wind,glass swords cutting wind
stone finger pointing home,stone fingers pointing home
wooden heart burning cold,wooden hearts burning cold
platinum egg holding dawn,platinum eggs holding dawn
mercury drop catching light,mercury drops catching light
tin star reflecting void,tin stars reflecting void
ghostly mouse whispering lies,ghostly mice whispering lies
frost-bitten leaf trapped in glass,frost-bitten leaves trapped in glass
burning tooth marked by time,burning teeth marked by time
midnight wolf carved from ice,midnight wolves carved from ice
crimson foot cast in brass,crimson feet cast in brass
shattered thief in amber,shattered thieves in amber
cursed goose bound in chains,cursed geese bound in chains
ancient louse sealed in gold,ancient lice sealed in gold
copper child holding stars,copper children holding stars
crystal knife eating light,crystal knives eating light
obsidian fish drinking shade,obsidian fish drinking shade
broken criterion etched in stone,broken criteria etched in stone
porcelain ox wearing crowns,porcelain oxen wearing crowns
glass cactus bleeding sand,glass cacti bleeding sand
frozen phenomenon beneath ice,frozen phenomena beneath ice
brass fungus growing dark,brass fungi growing dark
silver sphinx telling lies,silver sphinxes telling lies
ruby focus bending light,ruby foci bending light
iron nemesis wearing silk,iron nemeses wearing silk
crystal stimulus wrapped in dark,crystal stimuli wrapped in dark
copper matrix glowing blue,copper matrices glowing blue
glass stratum holding time,glass strata holding time
golden octopus weaving fate,golden octopi weaving fate
obsidian radius cutting night,obsidian radii cutting night
emerald vertebra singing doom,emerald vertebrae singing doom
silver automaton drinking dreams,silver automata drinking dreams
brass nucleus splitting void,brass nuclei splitting void
crystal memorandum sealed in ice,crystal memoranda sealed in ice
jade hypothesis trapped in glass,jade hypotheses trapped in glass
mercury analysis frozen in time,mercury analyses frozen in time
platinum oasis burning cold,platinum oases burning cold
tin emphasis carved in bone,tin emphases carved in bone
copper crisis bleeding rust,copper crises bleeding rust
glass ellipsis holding breath,glass ellipses holding breath
bronze diagnosis eating light,bronze diagnoses eating light
marble axis turning void,marble axes turning void
crystal basis cracking dawn,crystal bases cracking dawn
iron stigma burning bright,iron stigmata burning bright
obsidian medium speaking death,obsidian media speaking death
ruby maximum touching void,ruby maxima touching void
silver millennium counting stars,silver millennia counting stars
leather boot filled with sand,leather boots filled with sand
brass tooth from the comb,brass teeth from the comb
cracked leaf pressed in wax,cracked leaves pressed in wax
painted mouse beneath glass,painted mice beneath glass
copper penny sealed in ice,copper pennies sealed in ice
broken foot from the doll,broken feet from the doll
silver knife with rust spots,silver knives with rust spots
wooden goose dipped in paint,wooden geese dipped in paint
crystal die showing six,crystal dice showing six
porcelain fish in water,porcelain fish in water
torn scarf wrapped in paper,torn scarves wrapped in paper
brass thimble full of dirt,brass thimbles full of dirt
china cup stained with tea,china cups stained with tea
painted tooth in the box,painted teeth in the box
wooden hoof from the toy,wooden hooves from the toy
plastic wolf with spots,plastic wolves with spots
tin berry covered in sugar,tin berries covered in sugar
ceramic calf with spots,ceramic calves with spots
woven scarf with fringe,woven scarves with fringe
cloth mouse stuffed with beans,cloth mice stuffed with beans
painted shelf in the box,painted shelves in the box
metal knife under glass,metal knives under glass
paper leaf dipped in wax,paper leaves dipped in wax
wooden spoon with cracks,wooden spoons with cracks
glass fish in blue water,glass fish in blue water
steel hook wrapped in tape,steel hooks wrapped in tape
plastic foot from the toy,plastic feet from the toy
rubber tooth with spots,rubber teeth with spots
cotton glove filled with rice,cotton gloves filled with rice
ceramic wolf with patches,ceramic wolves with patches
brass key covered in tape,brass keys covered in tape
paper box filled with sand,paper boxes filled with sand
wooden spoon dipped in paint,wooden spoons dipped in paint
plastic mouse covered in dust,plastic mice covered in dust
metal foot from the bench,metal feet from the bench
glass knife with blue spots,glass knives with blue spots
rubber tooth filled with sand,rubber teeth filled with sand
copper penny beneath tape,copper pennies beneath tape
ceramic wolf in the box,ceramic wolves in the box
cotton glove stained with ink,cotton gloves stained with ink
painted leaf stuck in glue,painted leaves stuck in glue
brass hook wrapped in string,brass hooks wrapped in string
paper fish soaked in wax,paper fish soaked in wax
plastic hoof from the horse,plastic hooves from the horse
wooden die showing three,wooden dice showing three
china cup with gold rim,china cups with gold rim
leather boot stained with mud,leather boots stained with mud
rubber goose in the tub,rubber geese in the tub
metal shelf bent with age,metal shelves bent with age
glass thimble full of beads,glass thimbles full of beads
wooden calf with red spots,wooden calves with red spots
cotton scarf with loose threads,cotton scarves with loose threads
plastic berry in the bowl,plastic berries in the bowl
ceramic foot from the lamp,ceramic feet from the lamp
paper wolf cut from cards,paper wolves cut from cards
brass tooth from the zipper,brass teeth from the zipper
rubber knife for practice,rubber knives for practice
wooden fish with blue fins,wooden fish with blue fins
metal mouse in the trap,metal mice in the trap
glass leaf pressed in books,glass leaves pressed in books
leather glove lined with fur,leather gloves lined with fur
plastic penny for games,plastic pennies for games
ceramic hook on the wall,ceramic hooks on the wall
wooden shelf with paint chips,wooden shelves with paint chips
cotton boot for the rain,cotton boots for the rain
brass die marked with dots,brass dice marked with dots
china wolf with spots,china wolves with spots
rubber foot for the chair,rubber feet for the chair
glass berry in the jar,glass berries in the jar
metal scarf clip with gems,metal scarf clips with gems
plastic tooth from the comb,plastic teeth from the comb
wooden mouse with wheels,wooden mice with wheels
ceramic penny in the tile,ceramic pennies in the tile
paper boot cut from felt,paper boots cut from felt
leather fish with scales,leather fish with scales
brass leaf pinned to cork,brass leaves pinned to cork
rubber hook for the door,rubber hooks for the door
cotton mouse with whiskers,cotton mice with whiskers
glass foot from the vase,glass feet from the vase
wooden berry carved red,wooden berries carved red
metal goose with wings,metal geese with wings
plastic shelf for spices,plastic shelves for spices
ceramic knife with handle,ceramic knives with handle
paper tooth from the chart,paper teeth from the chart
brass wolf with red eyes,brass wolves with red eyes
leather die in the cup,leather dice in the cup
rubber leaf for crafts,rubber leaves for crafts
wooden hook for the coat,wooden hooks for the coat
glass mouse under dome,glass mice under dome
metal berry on chain,metal berries on chain
china foot with flowers,china feet with flowers
plastic scarf with snaps,plastic scarves with snaps
foot,feet
mouse,mice
tooth,teeth
goose,geese
child,children
person,people
cactus,cacti
focus,foci
fungus,fungi
stimulus,stimuli
criterion,criteria
phenomenon,phenomena
axis,axes
index,indices
matrix,matrices
vertex,vertices
radius,radii
datum,data
medium,media
maximum,maxima
minimum,minima
analysis,analyses
crisis,crises
thesis,theses
hypothesis,hypotheses
basis,bases
diagnosis,diagnoses
parenthesis,parentheses
knife,knives
life,lives
wife,wives
wolf,wolves
shelf,shelves
self,selves
leaf,leaves
thief,thieves
hoof,hooves
scarf,scarves
half,halves
box,boxes
fox,foxes
buzz,buzzes
fish,fish
sheep,sheep
deer,deer
moose,moose
aircraft,aircraft
series,series
species,species
cat,cats
dog,dogs
book,books
pen,pens
cup,cups
table,tables
chair,chairs
door,doors
window,windows
lamp,lamps
phone,phones
computer,computers
screen,screens
bottle,bottles
glass,glasses
plate,plates
fork,forks
spoon,spoons
toy,toys
game,games
ball,balls
sock,socks
shoe,shoes
hat,hats
glove,gloves
watch,watches
brush,brushes
match,matches
dish,dishes
wish,wishes
church,churches
bench,benches
dress,dresses
bus,buses
class,classes
boss,bosses
quiz,quizzes
octopus,octopi
syllabus,syllabi
alumnus,alumni
bacterium,bacteria
curriculum,curricula
memorandum,memoranda
stratum,strata
antenna,antennae
formula,formulae
nebula,nebulae
vertebra,vertebrae
ox,oxen
louse,lice
dormouse,dormice
die,dice
antenna,antennae
addendum,addenda
alga,algae
alumna,alumnae
larva,larvae
amoeba,amoebae
echo,echoes
hero,heroes
potato,potatoes
tomato,tomatoes
calf,calves
elf,elves
loaf,loaves
woman,women
man,men
tooth,teeth
criterion,criteria
nucleus,nuclei
oasis,oases
crisis,crises
mongoose,mongooses
sphinx,sphinxes
lynx,lynxes
roof,roofs
belief,beliefs
chief,chiefs
handkerchief,handkerchiefs
walrus,walruses
virus,viruses
status,statuses
trout,trout
salmon,salmon
bass,bass
cod,cod
buffalo,buffalo
shrimp,shrimp
vertex,vertices
vortex,vortices
appendix,appendices
index,indices
matrix,matrices
apex,apices
cortex,cortices
millennium,millennia
spectrum,spectra
consortium,consortia
automaton,automata
cherub,cherubim
seraph,seraphim
stigma,stigmata
schema,schemata
lemma,lemmata
dictum,dicta
forum,forums
ovum,ova
erratum,errata
genus,genera
corpus,corpora
opus,opera
platypus,platypuses
octopus,octopuses
hippopotamus,hippopotamuses
rhinoceros,rhinoceroses
penis,penes
testis,testes
atlas,atlases
cosmos,cosmoses
chaos,chaoses
bias,biases
iris,irises
mantis,mantises
canvas,canvases
compass,compasses
metropolis,metropolises
apparatus,apparatuses
impetus,impetuses
prospectus,prospectuses
succubus,succubi
incubus,incubi
cockroach,cockroaches
epoch,epochs
monarch,monarchs
matriarch,matriarchs
stomach,stomachs
triptych,triptychs
axis,axes
praxis,praxes
lexis,lexes
testis,testes
pelvis,pelvises
ibis,ibises
jackal,jackals
mother-in-law,mothers-in-law
passer-by,passers-by
court-martial,courts-martial
man-child,man-children
grown-up,grown-ups
editor-in-chief,editors-in-chief
attorney-at-law,attorneys-at-law
runner-up,runners-up
sister-in-law,sisters-in-law
merry-go-round,merry-go-rounds
check-in,check-ins
trade-off,trade-offs
lieutenant-general,lieutenant-generals
brother-in-law,brothers-in-law
step-child,step-children
grand-child,grand-children
ferryman,ferrymen
doorman,doormen
snowman,snowmen
businessman,businessmen
policeman,policemen
fireman,firemen
axis,axes
neurosis,neuroses
parenthesis,parentheses
synopsis,synopses
emphasis,emphases
metamorphosis,metamorphoses
prognosis,prognoses
lacuna,lacunae
minutia,minutiae
nova,novae
villa,villas
formula,formulas
dogma,dogmas
dilemma,dilemmas
magma,magma
miasma,miasmas
plasma,plasmas
enigma,enigmas
drama,dramas
lemma,lemmas
comma,commas
tableau,tableaux
bureau,bureaux
beau,beaux
bandeau,bandeaux
portmanteau,portmanteaux
chateau,chateaux
trousseau,trousseaux
fox-in-the-hole,foxes-in-the-hole
jack-in-the-box,jacks-in-the-box
forget-me-not,forget-me-nots
know-it-all,know-it-alls
has-been,has-beens
break-in,break-ins
higher-up,higher-ups
hand-me-down,hand-me-downs
knight-errant,knights-errant
son-in-law,sons-in-law
chief-of-staff,chiefs-of-staff
commander-in-chief,commanders-in-chief
sergeant-at-arms,sergeants-at-arms
man-at-arms,men-at-arms
lady-in-waiting,ladies-in-waiting
right-of-way,rights-of-way
coat-of-arms,coats-of-arms
queen-of-hearts,queens-of-hearts
jack-of-all-trades,jacks-of-all-trades
man-of-war,men-of-war
ship-of-the-line,ships-of-the-line
god-child,god-children
foster-child,foster-children
tooth-mark,tooth-marks
foot-pound,foot-pounds
mouse-trap,mouse-traps
goose-step,goose-steps
moon-stone,moon-stones
glass-tooth,glass-teeth
spark-leaf,spark-leaves
dream-knife,dream-knives
star-mouse,star-mice
crystal-foot,crystal-feet
wind-goose,wind-geese
shadow-box,shadow-boxes
frost-penny,frost-pennies
sun-compass,sun-compasses
zith-berry,zith-berries
quox-knife,quox-knives
yald-leaf,yald-leaves
breen-tooth,breen-teeth
klax-penny,klax-pennies
thrax-box,thrax-boxes
mith-wolf,mith-wolves
zorn-fish,zorn-fish
flax-mouse,flax-mice
vex-thimble,vex-thimbles
glim-stone,glim-stones
pax-watch,pax-watches
thrum-compass,thrum-compasses
zelk-berry,zelk-berries
quin-foot,quin-feet
brass-zox,brass-zoxes
silver-thrax,silver-thraxes
palm-nexus,palm-nexuses
hand-vertex,hand-vertices
pocket-sphinx,pocket-sphinxes
grip-matrix,grip-matrices
thumb-focus,thumb-foci
pouch-stimulus,pouch-stimuli
palm-cactus,palm-cacti
hand-fungus,hand-fungi
pocket-criterion,pocket-criteria
grip-phenomenon,grip-phenomena
zinc-thax,zinc-thaxes
pearl-quex,pearl-quexes
brass-zith,brass-ziths
copper-yald,copper-yalds
glass-vorp,glass-vorps
iron-klax,iron-klaxes
silver-thrum,silver-thrums
golden-flax,golden-flaxes
crystal-mith,crystal-miths
ruby-zorn,ruby-zorns
child,children
foot,feet
tooth,teeth
mouse,mice
goose,geese
man,men
woman,women
person,people
leaf,leaves
knife,knives
wolf,wolves
cactus,cacti
focus,foci
fungus,fungi
nucleus,nuclei
radius,radii
alumnus,alumni
syllabus,syllabi
crisis,crises
thesis,theses
analysis,analyses
diagnosis,diagnoses
oasis,oases
axis,axes
hypothesis,hypotheses
phenomenon,phenomena
criterion,criteria
book,books
car,cars
dog,dogs
cat,cats
house,houses
tree,trees
computer,computers
phone,phones
table,tables
chair,chairs
window,windows
door,doors
school,schools
teacher,teachers
student,students
friend,friends
flower,flowers
garden,gardens
river,rivers
mountain,mountains
city,cities
country,countries
song,songs
movie,movies
game,games
key,keys
bag,bags
shirt,shirts
shoe,shoes
hat,hats
road,roads
train,trains
plane,planes
bottle,bottles
cup,cups
plate,plates
lamp,lamps
pen,pens
pencil,pencils
notebook,notebooks
desk,desks
carpet,carpets
painting,paintings
clock,clocks
wall,walls
bed,beds
sofa,sofas
apple,apples
banana,bananas
grape,grapes
orange,oranges
pear,pears
peach,peaches
plum,plums
carrot,carrots
potato,potatoes
tomato,tomatoes
onion,onions
pepper,peppers
cucumber,cucumbers
lettuce,lettuces
bean,beans
rice,rices
egg,eggs
cheese,cheeses
bread,breads
cake,cakes
cookie,cookies
pie,pies
drink,drinks
milk,milks
water,waters
juice,juices
coffee,coffees
tea,teas
soda,sodas
pencil,pencils
eraser,erasers
marker,markers
crayon,crayons
folder,folders
backpack,backpacks
calculator,calculators
dictionary,dictionaries
monitor,monitors
keyboard,keyboards
mouse,mouses
speaker,speakers
printer,printers
scissors,scissors
ruler,rulers
stapler,staplers
tape,tapes
phone,phones
tablet,tablets
laptop,laptops
desk,desks
lamp,lamps
chair,chairs
cabinet,cabinets
drawer,drawers
shelf,shelves
file,files
notebook,notebooks
paper,papers
folder,folders
envelope,envelopes
stamp,stamps
pen,pens
briefcase,briefcases
lunchbox,lunchboxes
watch,watches
wallet,wallets
belt,belts
tie,ties
suit,suits
jacket,jackets
coat,coats
glove,gloves
sock,socks
scarf,scarves
hat,hats
umbrella,umbrellas
shoe,shoes
boot,boots
sandal,sandals
slipper,slippers
pant,pants
jean,jeans
shirt,shirts
t-shirt,t-shirts
blouse,blouses
skirt,skirts
dress,dresses
pajama,pajamas
robe,robes
bat,bats
ball,balls
glove,gloves
helmet,helmets
goal,goals
match,matches
tournament,tournaments
player,players
team,teams
coach,coaches
referee,referees
stadium,stadiums
fan,fans
ticket,tickets
seat,seats
scoreboard,scoreboards
whistle,whistles
trophy,trophies
medal,medals
award,awards
runner,runners
jumper,jumpers
swimmer,swimmers
cyclist,cyclists
racer,racers
track,tracks
field,fields
pool,pools
court,courts
gym,gyms
exercise,exercises
workout,workouts
routine,routines
stretch,stretches
pose,poses
yoga,yogas
pilate,pilates
dance,dances
move,moves
step,steps
jump,jumps
spin,spins
kick,kicks
punch,punches
block,blocks
strike,strikes
grip,grips
hold,holds
throw,throws
catch,catches
lift,lifts
push,pushes
pull,pulls
climb,climbs
slide,slides
swing,swings
balance,balances
coordination,coordinations
strength,strengths
endurance,endurances
speed,speeds
agility,agilities
flexibility,flexibilities
technique,techniques
strategy,strategies
plan,plans
goal,goals
achievement,achievements
milestone,milestones
success,successes
failure,failures
lesson,lessons
experience,experiences
knowledge,knowledges
skill,skills
talent,talents
ability,abilities
effort,efforts
attempt,attempts
challenge,challenges
obstacle,obstacles
barrier,barriers
opportunity,opportunities
chance,chances
risk,risks
reward,rewards
consequence,consequences
outcome,outcomes
result,results
impact,impacts
effect,effects
change,changes
development,developments
growth,growths
progress,progresses
advancement,advancements
innovation,innovations
invention,inventions
discovery,discoveries
research,researches
study,studies
experiment,experiments
test,tests
trial,trials
sample,samples
specimen,specimens
observation,observations
analysis,analyses
conclusion,conclusions
theory,theories
hypothesis,hypotheses
concept,concepts
idea,ideas
solution,solutions
method,methods
approach,approaches
technique,techniques
process,processes
procedure,procedures
system,systems
framework,frameworks
model,models
simulation,simulations
application,applications
implementation,implementations
execution,executions
operation,operations
function,functions
role,roles
responsibility,responsibilities
duty,duties
task,tasks
assignment,assignments
project,projects
plan,plans
objective,objectives
goal,goals
target,targets
mission,missions
vision,visions
strategy,strategies
tactic,tactics
action,actions
step,steps
measure,measures
policy,policies
rule,rules
regulation,regulations
standard,standards
guideline,guidelines
requirement,requirements
specification,specifications
criterion,criteria
parameter,parameters
indicator,indicators
metric,metrics
benchmark,benchmarks
reference,references
example,examples
case,cases
instance,instances
scenario,scenarios
situation,situations
context,contexts
background,backgrounds
environment,environments
setting,settings
condition,conditions
factor,factors
variable,variables
element,elements
component,components
part,parts
piece,pieces
section,sections
segment,segments
aspect,aspects
feature,features
characteristic,characteristics
quality,qualities
attribute,attributes
property,properties
trait,traits
behavior,behaviors
action,actions
reaction,reactions
response,responses
effect,effects
impact,impacts
consequence,consequences
result,results
outcome,outcomes
network,networks
structure,structures
framework,frameworks
architecture,architectures
design,designs
layout,layouts
format,formats
template,templates
pattern,patterns
model,models
prototype,prototypes
sample,samples
specimen,specimens
example,examples
case,cases
instance,instances
scenario,scenarios
situation,situations
context,contexts
background,backgrounds
environment,environments
setting,settings
condition,conditions
circumstance,circumstances
factor,factors
variable,variables
element,elements
aspect,aspects
feature,features
characteristic,characteristics
quality,qualities
attribute,attributes
property,properties
trait,traits
behavior,behaviors
action,actions
reaction,reactions
response,responses
effect,effects
impact,impacts
consequence,consequences
result,results
outcome,outcomes
conclusion,conclusions
finding,findings
discovery,discoveries
insight,insights
realization,realizations
understanding,understandings
knowledge,knowledges
wisdom,wisdoms
information,informations
data,datas
fact,facts
detail,details
point,points
aspect,aspects
perspective,perspectives
view,views
opinion,opinions
belief,beliefs
attitude,attitudes
preference,preferences
choice,choices
option,options
selection,selections
alternative,alternatives
decision,decisions
judgment,judgments
assessment,assessments
evaluation,evaluations
analysis,analyses
examination,examinations
review,reviews
critique,critiques
commentary,commentaries
interpretation,interpretations
understanding,understandings
appreciation,appreciations
recognition,recognitions
acknowledgment,acknowledgments
admission,admissions
acceptance,acceptances
approval,approvals
consent,consents
agreement,agreements
permission,permissions
authorization,authorizations
license,licenses
certification,certifications
qualification,qualifications
credential,credentials
award,awards
prize,prizes
trophy,trophies
medal,medals
certificate,certificates
diploma,diplomas
degree,degrees
title,titles
position,positions
rank,ranks
status,statuses
level,levels
grade,grades
class,classes
group,groups
category,categories
type,types
kind,kinds
form,forms
style,styles
format,formats
structure,structures
composition,compositions
organization,organizations
arrangement,arrangements
configuration,configurations
pattern,patterns
design,designs
layout,layouts
template,templates
framework,frameworks
model,models
prototype,prototypes
example,examples
instance,instances
case,cases
scenario,scenarios
situation,situations
context,contexts
background,backgrounds
environment,environments
setting,settings
condition,conditions
circumstance,circumstances
factor,factors
variable,variables
element,elements
component,components
part,parts
piece,pieces
fragment,fragments
section,sections
segment,segments
unit,units
module,modules
system,systems
network,networks
structure,structures
framework,frameworks
architecture,architectures
design,designs
layout,layouts
format,formats
template,templates
pattern,patterns
model,models
prototype,prototypes
sample,samples
specimen,specimens
example,examples
case,cases
instance,instances
scenario,scenarios
situation,situations
context,contexts
background,backgrounds
environment,environments
setting,settings
condition,conditions
circumstance,circumstances
factor,factors
variable,variables
element,elements
component,components
part,parts
piece,pieces
fragment,fragments
section,sections
segment,segments
unit,units
module,modules
system,systems
sheep,sheep
deer,deer
fish,fish
ox,oxen
wolf,wolves
calf,calves
fox,foxes
elephant,elephants
giraffe,giraffes
lion,lions
tiger,tigers
bear,bears
monkey,monkeys
rabbit,rabbits
moose,moose
buffalo,buffalo
ant,ants
bee,bees
butterfly,butterflies
shark,sharks
whale,whales
dolphin,dolphins
octopus,octopuses
squid,squids
crab,crabs
lobster,lobsters
seal,seals
panda,pandas
zebra,zebras
kangaroo,kangaroos
koala,koalas
penguin,penguins
flamingo,flamingos
hippopotamus,hippopotamuses
rhinoceros,rhinoceroses
chimpanzee,chimpanzees
parrot,parrots
owl,owls
hawk,hawks
eagle,eagles
crow,crows
swan,swans
peacock,peacocks
bat,bats
frog,frogs
toad,toads
lizard,lizards
snake,snakes
turtle,turtles
alligator,alligators
crocodile,crocodiles
jellyfish,jellyfish
starfish,starfish
seahorse,seahorses
armadillo,armadillos
porcupine,porcupines
lynx,lynxes
beaver,beavers
badger,badgers
otter,otters
ferret,ferrets
skunk,skunks
hedgehog,hedgehogs
weasel,weasels
platypus,platypuses
sloth,sloths
anteater,anteaters
pangolin,pangolins
gazelle,gazelles
antelope,antelopes
caribou,caribous
bison,bisons
alpaca,alpacas
llama,llamas
emu,emus
cassowary,cassowaries
yak,yaks
cougar,cougars
panther,panthers
leopard,leopards
cheetah,cheetahs
hyena,hyenas
vulture,vultures
falcon,falcons
puffin,puffins
woodpecker,woodpeckers
mole,moles
vole,voles
mongoose,mongooses
meerkat,meerkats
warthog,warthogs
gazelle,gazelles
kangaroo rat,kangaroo rats
guinea pig,guinea pigs
hamster,hamsters
gerbil,gerbils
cricket,crickets
grasshopper,grasshoppers
dragonfly,dragonflies
mantis,mantises
beetle,beetles
firefly,fireflies
cockroach,cockroaches
spider,spiders
scorpion,scorpions
tarantula,tarantulas
centipede,centipedes
millipede,millipedes
earthworm,earthworms
snail,snails
slug,slugs
clam,clams
mussel,mussels
oyster,oysters
barnacle,barnacles
sea urchin,sea urchins
shrimp,shrimps
krill,krills
prawn,prawns
anchovy,anchovies
sardine,sardines
eel,eels
stingray,stingrays
coral,corals
anemone,anemones
polyp,polyps
urchin,urchins
walrus,walruses
narwhal,narwhals
manatee,manatees
dugong,dugongs
gull,gulls
tern,terns
albatross,albatrosses
cormorant,cormorants
frigatebird,frigatebirds
bobcat,bobcats
jackal,jackals
fox,foxes
raccoon,raccoons
opossum,opossums
porcupine,porcupines
armadillo,armadillos
lemur,lemurs
baboon,baboons
mandrill,mandrills
gorilla,gorillas
orangutan,orangutans
chimpanzee,chimpanzees
macaw,macaws
toucan,toucans
stingray,stingrays
seagull,seagulls
cicada,cicadas
grasshopper,grasshoppers
cockroach,cockroaches
alpaca,alpacas
camel,camels
donkey,donkeys
horse,horses
mule,mules
reindeer,reindeer
elk,elks
cougar,cougars
lynx,lynxes
oyster,oysters
squid,squids
ray,rays
shark,sharks
partridge,partridges
pheasant,pheasants
quail,quails
emu,emus
kiwi,kiwis
platypus,platypuses
echidna,echidnas
barracuda,barracudas
goby,gobies
trout,trout
salmon,salmon
perch,perches
bass,bass
cod,cod
pike,pikes
carp,carps
tuna,tunas
marlin,marlins
whiting,whitings
sealion,seals
hippopotamus,hippopotamuses
impala,impalas
springbok,springboks
zebu,zebus
chinchilla,chinchillas
gerbil,gerbils
hedgehog,hedgehogs
wolverine,wolverines
meerkat,meerkats
marmot,marmots
groundhog,groundhogs
chipmunk,chipmunks
squirrel,squirrels
woodchuck,woodchucks
bison,bisons
buffalo,buffalo
gazelle,gazelles
impala,impalas
camel,camels
lemur,lemurs
puma,pumas
cougar,cougars
jaguar,jaguars
serval,servals
caracal,caracals
javelina,javelinas
aardvark,aardvarks
anaconda,anacondas
armadillo,armadillos
warthog,warthogs
coyote,coyotes
jackrabbit,jackrabbits
gerbil,gerbils
impala,impalas
okapi,okapis
wallaby,wallabies
kangaroo,kangaroos
koala,koalas
tasmanian devil,tasmanian devils
crocodile,crocodiles
alligator,alligators
chinchilla,chinchillas
newt,newts
gecko,geckos
geese,geese
quokka,quokkas
axolotl,axolotls
narwhal,narwhals
okapi,okapis
quoll,quolls
tarsier,tarsiers
saiga,saigas
pangolin,pangolins
cuscus,cuscuses
numbat,numbats
kiwi,kiwis
solenodon,solenodons
pudu,pudus
coati,coatis
tamandua,tamanduas
aardwolf,aardwolves
lemuroid ringtail,lemuroid ringtails
civet,civets
fossa,fossas
potoroo,potoroo
bilby,bilbies
gibbon,gibbons
pangolin,pangolins
aardwolf,aardwolves
galago,galagos
quokka,quokkas
numbat,numbats
zorilla,zorillas
bandicoot,bandicoots
vicua,vicuas
caecilian,caecilians
pika,pikas
solenodon,solenodons
spiny anteater,spiny anteaters
tamaraw,tamaraws
kkp,kkps
saiga,saigas
blue poison arrow frog,blue poison arrow frogs
binturong,binturongs
jaguarundi,jaguarundis
bush baby,bush babies
long-beaked common dolphin,long-beaked common dolphins
platypus,platypuses
mountain pygmy possum,mountain pygmy possums
monk seal,monk seals
black-footed ferret,black-footed ferrets
baiji,baijis
greater bilby,greater bilbies
hoatzin,hoatzins
goblin shark,goblin sharks
vampire bat,vampire bats
malayan pangolin,malayan pangolins
pudu,pudus
maned wolf,maned wolves
marsupial mole,marsupial moles
sand cat,sand cats
jungle cat,jungle cats
akodont,akodonts
tail-less tenrec,tail-less tenrecs
tasmanian tiger,tasmanian tigers
przewalski's horse,przewalski's horses
blubberfin,blubberfins
firetail lemur,firetail lemurs
glowhorn beetle,glowhorn beetles
shadowhawk,shadowhawks
moonfish,moonfishes
crimsonwing bat,crimsonwing bats
slumberfox,slumberfoxes
spikehoof,spikehooves
creekwaddle,creekwaddles
blue-bellied skittertail,blue-bellied skittertails
glimmering bison,glimmering bisons
wilted weasel,wilted weasels
sandwhisker,sandwhiskers
skydancer bird,skydancer birds
nightspike lizard,nightspike lizards
frostling,frostlings
nimbosquid,nimbosquids
glacervine,glacervines
burrowbeast,burrowbeasts
moonbeam tiger,moonbeam tigers
scarbelly jackrabbit,scarbelly jackrabbits
blazebane sword,blazebane swords
crimsonfang dagger,crimsonfang daggers
stormstrike bow,stormstrike bows
arcflare staff,arcflare staffs
shadowreaver axe,shadowreaver axes
emberclaw mace,emberclaw maces
vortex spear,vortex spears
thunderlash whip,thunderlash whips
bloodpiercer crossbow,bloodpiercer crossbows
lightbringer lance,lightbringer lances
frostwrought hammer,frostwrought hammers
spiritbinder katana,spiritbinder katanas
nightshade scythe,nightshade scythes
dragonrend halberd,dragonrend halberds
voidstrike chakram,voidstrike chakrams
soulshard gauntlet,soulshard gauntlets
ironbark greatsword,ironbark greatswords
venomspike spear,venomspike spears
dawnfury flail,dawnfury flails
steelstorm glaive,steelstorm glaives
whisper of the forgotten blade,whispers of the forgotten blade
echoes of the stormbound fist,echoes of the stormbound fists
flame that consumes the dusk,flames that consume the dusk
heart of the shattered sky,hearts of the shattered sky
veil of the silver serpent,veils of the silver serpent
song of the eternal wind,songs of the eternal wind
grip of the endless void,grips of the endless void
howl from the abyssal depths,howls from the abyssal depths
crown of the broken dawn,crowns of the broken dawn
hand of the forgotten king,hands of the forgotten king
tear of the moonlit oracle,tears of the moonlit oracle
blade that cleaves the soul's echo,blades that cleave the soul's echo
echoing fist of the raging storm,echoing fists of the raging storm
cloak of the endless nightshade,cloaks of the endless nightshade
serpent's kiss of the shattered heart,serpent's kisses of the shattered heart
fangs of the sky-bound nightmare,fangs of the sky-bound nightmare
wings of the eternal flame's sorrow,wings of the eternal flame's sorrow
song sung by the thunder's wrath,songs sung by the thunder's wrath
piercing gaze of the twilight hunter,piercing gazes of the twilight hunter
flame that whispers through the void,flames that whisper through the void
shard that pierces the heart of silence,shards that pierce the heart of silence
thorn that blooms in the midnight storm,thorns that bloom in the midnight storm
blade that cuts through the fabric of time,blades that cut through the fabric of time
stone that echoes with forgotten screams,stones that echo with forgotten screams
fang that tastes the blood of forgotten kings,fangs that taste the blood of forgotten kings
hammer that strikes the bones of the earth,hammers that strike the bones of the earth
arrow that pierces the heart of the sky,arrows that pierce the heart of the sky
whip that cracks with the sound of falling stars,whips that crack with the sound of falling stars
staff that bends the will of the stars themselves,staffs that bend the will of the stars themselves
shield that absorbs the fury of the tempest,shields that absorb the fury of the tempest
bow that pulls the moon's light from the heavens,bows that pull the moon's light from the heavens
dagger that dances in the shadows of dreams,daggers that dance in the shadows of dreams
lance that strikes through the veil of reality,lances that strike through the veil of reality
scythe that reaps the whispers of the dead,scythes that reap the whispers of the dead
spoon that stirs the soup of forgotten dreams,spoons that stir the soup of forgotten dreams
broom that sweeps away the last breath of silence,brooms that sweep away the last breath of silence
mug that holds the morning's regret,mugs that hold the morning's regrets
sock that strangles the noise of the clock,socks that strangle the noise of the clock
ladle that scoops the echoes of lost time,ladles that scoop the echoes of lost time
candle that melts the secrets of the night,candles that melt the secrets of the night
towel that dries the tears of forgotten phone calls,towels that dry the tears of forgotten phone calls
clock that ticks the rhythm of missed chances,clocks that tick the rhythm of missed chances
key that unlocks the whispers of forgotten hallways,keys that unlock the whispers of forgotten hallways
vacuum that sucks up the last light of the sunset,vacuums that suck up the last light of the sunset
mop that sways with the dance of spilled coffee,mops that sway with the dance of spilled coffee
frying pan that sizzles with unspoken words,frying pans that sizzle with unspoken words
telephone that rings with the voices of old regrets,telephones that ring with the voices of old regrets
scissors that cut the threads of yesterday's mistakes,scissors that cut the threads of yesterday's mistakes
doorbell that chimes with the weight of forgotten promises,doorbells that chime with the weight of forgotten promises
toaster that burns the edges of bad decisions,toasters that burn the edges of bad decisions
hammer that fixes everything except the mistakes,hammers that fix everything except the mistakes
fork that twirls the threads of regret,forks that twirl the threads of regret
vacuum that sucks up the crumbs of your conscience,vacuums that suck up the crumbs of your conscience
microwave that heats up the leftovers of forgotten thoughts,microwaves that heat up the leftovers of forgotten thoughts
shovel that digs up the remnants of old arguments,shovels that dig up the remnants of old arguments
glue stick that bonds the pieces of broken promises,glue sticks that bond the pieces of broken promises
remote control that pauses the moments you can't rewind,remote controls that pause the moments you can't rewind
keychain that holds the weight of yesterday's decisions,keychains that hold the weight of yesterday's decisions
toothbrush that scrubs away the memories of last night's mistakes,toothbrushes that scrub away the memories of last night's mistakes
plunger that unblocks the flow of regrets,plungers that unblock the flow of regrets
scissors that trim the edges of half-finished projects,scissors that trim the edges of half-finished projects
coffee mug that stirs up the chaos of the morning,coffee mugs that stir up the chaos of the morning
tape dispenser that seals away the last of your patience,tape dispensers that seal away the last of your patience
desk fan that blows away the fumes of last-minute deadlines,desk fans that blow away the fumes of last-minute deadlines
spoon that digs into yesterdays leftovers,spoons that dig into yesterdays leftovers
toaster that burns the bread you forgot about,toasters that burn the bread you forgot about
hairdryer that blows away your chances of doing anything productive,hairdryers that blow away your chances of doing anything productive
umbrella that protects you from getting wet but not from bad decisions,umbrellas that protect you from getting wet but not from bad decisions
hammer that fixes the thing you accidentally broke five minutes ago,hammers that fix the thing you accidentally broke five minutes ago
vacuum that picks up everything but the actual dirt,vacuums that pick up everything but the actual dirt
can opener that never opens the can right,can openers that never open the can right
phone charger that only works when it wants to,phone chargers that only work when they want to
fork that stabs the last piece of pizza but never in the right place,forks that stab the last piece of pizza but never in the right place
flashlight that flickers when you need it most,flashlights that flicker when you need them most
rubber band that never quite holds things together,rubber bands that never quite hold things together
scissors that always cut a little bit crooked,scissors that always cut a little bit crooked
stapler that jams halfway through,staplers that jam halfway through
tape dispenser that tangles itself every time you use it,tape dispensers that tangle themselves every time you use them
mop that spreads the mess instead of cleaning it up,mops that spread the mess instead of cleaning it up
wrench that tightens everything but the thing you need it for,wrenches that tighten everything but the thing you need it for
basket that holds your hopes and your empty coffee cups,baskets that hold your hopes and your empty coffee cups
roller skate that makes you go in every direction except forward,roller skates that make you go in every direction except forward
glove that fits everyone but you,gloves that fit everyone but you
clipboard that holds all your plans but none of your willpower,clipboards that hold all your plans but none of your willpower
pen that runs out of ink at the worst possible moment,pens that run out of ink at the worst possible moment
chalk that breaks just before you finish writing the sentence,chalks that break just before you finish writing the sentence
bottle opener that never quite works right,bottle openers that never quite work right
ladder that wobbles when you need it most,ladders that wobble when you need them most
tape measure thats always a little too short,tape measures thatre always a little too short
backpack that never stays organized for more than five minutes,backpacks that never stay organized for more than five minutes
compass that points in every direction but north,compasses that point in every direction but north
lighter that only works after youve given up,lighters that only work after youve given up
glasses that fog up the moment you step outside,glasses that fog up the moment you step outside
flash drive that never seems to have enough space,flash drives that never seem to have enough space
rifle that whispers through the gaps in the walls,rifles that whisper through the gaps in the walls
pistol that leaves echoes of its shot,pistols that leave echoes of their shots
shotgun that scatters the thoughts of a thousand decisions,shotguns that scatter the thoughts of a thousand decisions
revolver that spins with the weight of choices you never made,revolvers that spin with the weight of choices you never made
submachine gun that fires in patterns only the shadows understand,submachine guns that fire in patterns only the shadows understand
bolt-action rifle that strikes with the silence of waiting,bolt-action rifles that strike with the silence of waiting
assault rifle that speaks with a voice only the wind can hear,assault rifles that speak with a voice only the wind can hear
carbine that moves with the rhythm of a hurried heartbeat,carbines that move with the rhythm of a hurried heartbeat
sniper rifle that takes aim from the corners of your mind,sniper rifles that take aim from the corners of your mind
machine gun that rages with the fury of forgotten wars,machine guns that rage with the fury of forgotten wars
flintlock pistol that holds the weight of ancient promises,flintlock pistols that hold the weight of ancient promises
shotgun that clears a path through the noise of the world,shotguns that clear a path through the noise of the world
hand cannon that strikes like the first word spoken in a storm,hand cannons that strike like the first word spoken in a storm
SMG that moves in rhythm with the beat of a frantic heart,SMGs that move in rhythm with the beat of a frantic heart
musket that echoes through the halls of forgotten histories,muskets that echo through the halls of forgotten histories
game of hungry hungry hippos that eats everything in sight,games of hungry hungry hippos that eat everything in sight
nick cannon mixtapes that drop with unexpected force,nick cannon mixtapes that drop with unexpected force
deck of cards that always deals a losing hand,decks of cards that always deal a losing hand
tamagotchi that takes more attention than you have,tamagotchis that take more attention than you have
super mario power-up that gives you no extra lives,super mario power-ups that give you no extra lives
flip phone that refuses to hang up when you need it to,flip phones that refuse to hang up when you need them to
neon sign that flickers when you need a warning,neon signs that flicker when you need a warning
lego bricks that always break when you step on them,lego bricks that always break when you step on them
rubik's cube that never seems to line up,rubik's cubes that never seem to line up
fidget spinner that never stops spinning,fidget spinners that never stop spinning
bop it that only responds when you mess up,bop its that only respond when you mess up
monopoly dice that always roll the wrong number,monopoly dice that always roll the wrong number
video game controller that never does what you want,video game controllers that never do what you want
floppy disk that stores everything you forgot to back up,floppy disks that store everything you forgot to back up
mario kart that crashes when youre in first place,mario karts that crash when youre in first place
mario-less mario kart cartridge,mario-less mario kart cartridges
flip-phone-powered turbocharger,flip-phone-powered turbochargers
tamagotchi-obsessed distraction ray,tamagotchi-obsessed distraction rays
broken-headphone sound bomb,broken-headphone sound bombs
monopoly-bankrupted dice-roller,monopoly-bankrupted dice-rollers
empty-pizza-box shield,empty-pizza-box shields
no-cartridge game-console controller,no-cartridge game-console controllers
fidget-spin-forever axis,fidget-spin-forever axes
bored-emoji phone screen,bored-emoji phone screens
broken-vape-cloud-shooter,broken-vape-cloud-shooters
lost-battery-flashlight-blaster,lost-battery-flashlight-blasters
forgotten-alarm-clock-tick,forgotten-alarm-clock-ticks
out-of-ink printer-sword,out-of-ink printer-swords
Professor Thistlewick's brass compass,Professor Thistlewick's brass compasses
Madame Zinglebert's crystal thimble,Madame Zinglebert's crystal thimbles
Doctor Quillsby's mechanical mouse,Doctor Quillsby's mechanical mice
Lord Pennyfarthing's pocket watch,Lord Pennyfarthing's pocket watches
Captain Brimbletooth's silver knife,Captain Brimbletooth's silver knives
Baroness Glitterwind's enchanted leaf,Baroness Glitterwind's enchanted leaves
Sir Pocketworth's brass penny,Sir Pocketworth's brass pennies
Colonel Fizzlewick's wooden die,Colonel Fizzlewick's wooden dice
Miss Thornberry's porcelain tooth,Miss Thornberry's porcelain teeth
Duke Whimsworth's copper goose,Duke Whimsworth's copper geese
Lady Sparklebottom's crystal foot,Lady Sparklebottom's crystal feet
Master Tinkerton's mechanical wolf,Master Tinkerton's mechanical wolves
Countess Brambleshire's silver box,Countess Brambleshire's silver boxes
Old Man Fiddlesworth's lucky penny,Old Man Fiddlesworth's lucky pennies
Grandfather Pockington's brass key,Grandfather Pockington's brass keys
Aunt Primrose's china thimble,Aunt Primrose's china thimbles
Admiral Quacksworth's rubber fish,Admiral Quacksworth's rubber fish
Doctor Mumbleworth's spinning top,Doctor Mumbleworth's spinning tops
Madame Flutterby's silk scarf,Madame Flutterby's silk scarves
Professor Bumbleston's wooden half,Professor Bumbleston's wooden halves
Sir Giggleswick's metal hoof,Sir Giggleswick's metal hooves
Lady Twinkleton's glass berry,Lady Twinkleton's glass berries
Baron von Clickington's brass shelf,Baron von Clickington's brass shelves
Captain Wobbleworth's lucky die,Captain Wobbleworth's lucky dice        
